{
	"feature": "cavernous:lush/ancient/ancient_patch",
	"placement": [
		{
			"type": "minecraft:count",
			"count": 75
		},
		{
			"type": "minecraft:in_square"
		},
		{
			"type": "minecraft:height_range",
			"height": {
				"type": "minecraft:uniform",
				"min_inclusive": {
					"above_bottom": 0
				},
				"max_inclusive": {
					"absolute": 60
				}
			}
		},
		{
			"type": "minecraft:environment_scan",
			"direction_of_search": "down",
			"max_steps": 12,
			"target_condition": {
				"type": "minecraft:solid"
			},
			"allowed_search_condition": {
				"type": "minecraft:matching_blocks",
				"blocks": "minecraft:air"
			}
		},
		{
			"type": "minecraft:biome"
		}
	]
}
