{
	"feature": {
		"type": "minecraft:simple_block",
		"config": {
			"to_place": {
				"type": "minecraft:simple_state_provider",
				"state": {
					"Name": "minecraft:hanging_roots",
					"Properties": {
						"waterlogged": "false"
					}
				}
			}
		}
	},
	"placement": [
		{
			"type": "minecraft:count",
			"count": {
				"type": "minecraft:uniform",
				"value": {
					"min_inclusive": 50,
					"max_inclusive": 60
				}
			}
		},
		{
			"type": "minecraft:in_square"
		},
		{
			"type": "minecraft:height_range",
			"height": {
				"type": "minecraft:uniform",
				"min_inclusive": {
					"absolute": -64
				},
				"max_inclusive": {
					"absolute": 192
				}
			}
		},
		{
			"type": "minecraft:environment_scan",
			"direction_of_search": "up",
			"max_steps": 12,
			"target_condition": {
				"type": "minecraft:all_of",
				"predicates": [
					{
						"type": "minecraft:matching_blocks",
						"offset": [
							0,
							0,
							0
						],
						"blocks": [
							"minecraft:air"
						]
					},
					{
						"type": "minecraft:matching_blocks",
						"offset": [
							0,
							1,
							0
						],
						"blocks": [
							"stone",
							"deepslate",
							"tuff",
							"granite",
							"andesite",
							"diorite",
							"terracotta",
							"lime_terracotta",
							"moss_block"
						]
					}
				]
			}
		},
		{
			"type": "minecraft:biome"
		}
	]
}
