{
  "feature": "cavernous:ice/diamond_extra",
  "placement": [
    {
      "type": "minecraft:count",
      "count": 10
    },
    {
      "type": "minecraft:in_square"
    },
    {
      "type": "minecraft:height_range",
      "height": {
        "type": "minecraft:trapezoid",
        "max_inclusive": {
          "above_bottom": 80
        },
        "min_inclusive": {
          "above_bottom": -80
        }
      }
    },
    {
      "type": "minecraft:biome"
    }
  ]
}