{
	"type": "minecraft:block_column",
	"config": {
		"direction": "down",
		"allowed_placement": {
			"type": "minecraft:all_of",
			"predicates": [
				{
					"type": "minecraft:matching_blocks",
					"offset": [
						0,
						0,
						0
					],
					"blocks": "minecraft:air"
				},
				{
					"type": "minecraft:matching_blocks",
					"offset": [
						0,
						-1,
						0
					],
					"blocks": "minecraft:air"
				},
				{
					"type": "minecraft:matching_blocks",
					"offset": [
						0,
						-2,
						0
					],
					"blocks": "minecraft:air"
				},
				{
					"type": "minecraft:matching_blocks",
					"offset": [
						0,
						-3,
						0
					],
					"blocks": "minecraft:air"
				},
				{
					"type": "minecraft:matching_blocks",
					"offset": [
						0,
						-4,
						0
					],
					"blocks": "minecraft:air"
				},
				{
					"type": "minecraft:matching_blocks",
					"offset": [
						0,
						-5,
						0
					],
					"blocks": "minecraft:air"
				},
				{
					"type": "minecraft:matching_blocks",
					"offset": [
						0,
						-6,
						0
					],
					"blocks": "minecraft:air"
				},
				{
					"type": "minecraft:matching_blocks",
					"offset": [
						0,
						-7,
						0
					],
					"blocks": "minecraft:air"
				},
				{
					"type": "minecraft:matching_blocks",
					"offset": [
						0,
						-8,
						0
					],
					"blocks": "minecraft:air"
				},
				{
					"type": "minecraft:matching_blocks",
					"offset": [
						0,
						-9,
						0
					],
					"blocks": "minecraft:air"
				}
			]
		},
		"prioritize_tip": true,
		"layers": [
			{
				"height": {
					"type": "minecraft:uniform",
					"value": {
						"min_inclusive": 5,
						"max_inclusive": 9
					}
				},
				"provider": {
					"type": "minecraft:simple_state_provider",
					"state": {
						"Name": "minecraft:mangrove_roots",
						"Properties": {
							"waterlogged": "false"
						}
					}
				}
			}
		]
	}
}
