{
	"type": "minecraft:random_patch",
	"config": {
		"tries": 35,
		"xz_spread": 7,
		"y_spread": 3,
		"feature": {
			"feature": {
				"type": "minecraft:simple_block",
				"config": {
					"to_place": {
						"type": "minecraft:simple_state_provider",
						"state": {
							"Name": "minecraft:lily_pad"
						}
					}
				}
			},
			"placement": [
				{
					"type": "minecraft:block_predicate_filter",
					"predicate": {
						"type": "minecraft:matching_blocks",
						"blocks": "minecraft:air"
					}
				}
			]
		}
	}
}
