{
  "type": "minecraft:jigsaw",
  "biomes": "#cavernous:has_structure/sandstone_caves_pyramid",
  "step": "underground_decoration",
  "spawn_overrides": {},
  "terrain_adaptation": "beard_box",
  "start_pool": "cavernous:sandstone_caves_pyramid",
  "size": 1,
  "start_height": {
    "type": "minecraft:uniform",
    "min_inclusive": {
      "above_bottom": 8
    },
    "max_inclusive": {
      "absolute": -10
    }
  },
  "max_distance_from_center": 80,
  "use_expansion_hack": false
}
