{
	"display": {
		"icon": {
			"item": "minecraft:cobblestone"
		},
		"title": {
			"text": "Breaking ground"
		},
		"description": {
			"text": "Dive deeper into your world"
		},
		"frame": "task",
		"show_toast": true,
		"announce_to_chat": true,
		"hidden": false
	},
	"parent": "cavernous:root",
	"criteria": {
		"spelunk": {
			"trigger": "minecraft:location",
			"conditions": {
				"player": {
					"location": {
						"position": {
							"y": {
								"min": -64,
								"max": 55
							}
						}
					}
				}
			}
		}
	}
}
