{
	"__comment": "Made with TheDestruc7i0n's advancements generator: https://advancements.thedestruc7i0n.ca",
	"display": {
		"title": {
			"text": "Peace of mine"
		},
		"description": {
			"text": "Explore all cave biomes",
			"color": "dark_purple"
		},
		"icon": {
			"item": "minecraft:lantern"
		},
		"frame": "challenge",
		"show_toast": true,
		"announce_to_chat": true,
		"hidden": false
	},
	"criteria": {
		"cavernous:dripstone/dense_dripstone_caves": {
			"conditions": {
				"player": [
					{
						"condition": "minecraft:entity_properties",
						"entity": "this",
						"predicate": {
							"location": {
								"biome": "cavernous:dripstone/dense_dripstone_caves"
							}
						}
					}
				]
			},
			"trigger": "minecraft:location"
		},
		"cavernous:dripstone/lush_dripstone_caves": {
			"conditions": {
				"player": [
					{
						"condition": "minecraft:entity_properties",
						"entity": "this",
						"predicate": {
							"location": {
								"biome": "cavernous:dripstone/lush_dripstone_caves"
							}
						}
					}
				]
			},
			"trigger": "minecraft:location"
		},
		"minecraft:dripstone_caves": {
			"conditions": {
				"player": [
					{
						"condition": "minecraft:entity_properties",
						"entity": "this",
						"predicate": {
							"location": {
								"biome": "minecraft:dripstone_caves"
							}
						}
					}
				]
			},
			"trigger": "minecraft:location"
		},
		"minecraft:lush_caves": {
			"conditions": {
				"player": [
					{
						"condition": "minecraft:entity_properties",
						"entity": "this",
						"predicate": {
							"location": {
								"biome": "minecraft:lush_caves"
							}
						}
					}
				]
			},
			"trigger": "minecraft:location"
		},
		"minecraft:deep_dark": {
			"conditions": {
				"player": [
					{
						"condition": "minecraft:entity_properties",
						"entity": "this",
						"predicate": {
							"location": {
								"biome": "minecraft:deep_dark"
							}
						}
					}
				]
			},
			"trigger": "minecraft:location"
		},
		"cavernous:lush/ancient_caverns": {
			"conditions": {
				"player": [
					{
						"condition": "minecraft:entity_properties",
						"entity": "this",
						"predicate": {
							"location": {
								"biome": "cavernous:lush/ancient_caverns"
							}
						}
					}
				]
			},
			"trigger": "minecraft:location"
		},
		"cavernous:stone/caves": {
			"conditions": {
				"player": [
					{
						"condition": "minecraft:entity_properties",
						"entity": "this",
						"predicate": {
							"location": {
								"biome": "cavernous:stone/caves"
							}
						}
					}
				]
			},
			"trigger": "minecraft:location"
		},
		"cavernous:stone/crystal_caves": {
			"conditions": {
				"player": [
					{
						"condition": "minecraft:entity_properties",
						"entity": "this",
						"predicate": {
							"location": {
								"biome": "cavernous:stone/crystal_caves"
							}
						}
					}
				]
			},
			"trigger": "minecraft:location"
		},
		"cavernous:desert/desert_caves": {
			"conditions": {
				"player": [
					{
						"condition": "minecraft:entity_properties",
						"entity": "this",
						"predicate": {
							"location": {
								"biome": "cavernous:desert/desert_caves"
							}
						}
					}
				]
			},
			"trigger": "minecraft:location"
		},
		"cavernous:ice/icy_caves": {
			"conditions": {
				"player": [
					{
						"condition": "minecraft:entity_properties",
						"entity": "this",
						"predicate": {
							"location": {
								"biome": "cavernous:ice/icy_caves"
							}
						}
					}
				]
			},
			"trigger": "minecraft:location"
		},
		"cavernous:lava/inactive_caves": {
			"conditions": {
				"player": [
					{
						"condition": "minecraft:entity_properties",
						"entity": "this",
						"predicate": {
							"location": {
								"biome": "cavernous:lava/inactive_caves"
							}
						}
					}
				]
			},
			"trigger": "minecraft:location"
		},
		"cavernous:lush/marshy_caves": {
			"conditions": {
				"player": [
					{
						"condition": "minecraft:entity_properties",
						"entity": "this",
						"predicate": {
							"location": {
								"biome": "cavernous:lush/marshy_caves"
							}
						}
					}
				]
			},
			"trigger": "minecraft:location"
		},
		"cavernous:desert/painted_sandstone_caves": {
			"conditions": {
				"player": [
					{
						"condition": "minecraft:entity_properties",
						"entity": "this",
						"predicate": {
							"location": {
								"biome": "cavernous:desert/painted_sandstone_caves"
							}
						}
					}
				]
			},
			"trigger": "minecraft:location"
		},
		"cavernous:desert/sandstone_caves": {
			"conditions": {
				"player": [
					{
						"condition": "minecraft:entity_properties",
						"entity": "this",
						"predicate": {
							"location": {
								"biome": "cavernous:desert/sandstone_caves"
							}
						}
					}
				]
			},
			"trigger": "minecraft:location"
		},
		"cavernous:lava/volcanic_caves": {
			"conditions": {
				"player": [
					{
						"condition": "minecraft:entity_properties",
						"entity": "this",
						"predicate": {
							"location": {
								"biome": "cavernous:lava/volcanic_caves"
							}
						}
					}
				]
			},
			"trigger": "minecraft:location"
		},
		"cavernous:desert/underground_oasis": {
			"conditions": {
				"player": [
					{
						"condition": "minecraft:entity_properties",
						"entity": "this",
						"predicate": {
							"location": {
								"biome": "cavernous:desert/underground_oasis"
							}
						}
					}
				]
			},
			"trigger": "minecraft:location"
		},
		"cavernous:stone/marble_caves": {
			"conditions": {
				"player": [
					{
						"condition": "minecraft:entity_properties",
						"entity": "this",
						"predicate": {
							"location": {
								"biome": "cavernous:stone/marble_caves"
							}
						}
					}
				]
			},
			"trigger": "minecraft:location"
		},
		"cavernous:stone/granite_caves": {
			"conditions": {
				"player": [
					{
						"condition": "minecraft:entity_properties",
						"entity": "this",
						"predicate": {
							"location": {
								"biome": "cavernous:stone/granite_caves"
							}
						}
					}
				]
			},
			"trigger": "minecraft:location"
		},
		"cavernous:stone/andesite_caves": {
			"conditions": {
				"player": [
					{
						"condition": "minecraft:entity_properties",
						"entity": "this",
						"predicate": {
							"location": {
								"biome": "cavernous:stone/andesite_caves"
							}
						}
					}
				]
			},
			"trigger": "minecraft:location"
		},
		"cavernous:stone/tuff_caves": {
			"conditions": {
				"player": [
					{
						"condition": "minecraft:entity_properties",
						"entity": "this",
						"predicate": {
							"location": {
								"biome": "cavernous:stone/tuff_caves"
							}
						}
					}
				]
			},
			"trigger": "minecraft:location"
		}
	},
	"parent": "cavernous:getting_to_the_point"
}
