{
	"display": {
		"icon": {
			"item": "minecraft:granite"
		},
		"title": {
			"text": "Geology Rocks!"
		},
		"description": {
			"text": "Obtain all types of overworld stone"
		},
		"frame": "task",
		"show_toast": true,
		"announce_to_chat": true,
		"hidden": false
	},
	"parent": "cavernous:breaking_ground",
	"criteria": {
		"cobblestone": {
			"trigger": "minecraft:inventory_changed",
			"conditions": {
				"items": [
					{
						"items": [
							"minecraft:cobblestone"
						]
					}
				]
			}
		},
		"granite": {
			"trigger": "minecraft:inventory_changed",
			"conditions": {
				"items": [
					{
						"items": [
							"minecraft:granite"
						]
					}
				]
			}
		},
		"andesite": {
			"trigger": "minecraft:inventory_changed",
			"conditions": {
				"items": [
					{
						"items": [
							"minecraft:andesite"
						]
					}
				]
			}
		},
		"": {
			"trigger": "minecraft:inventory_changed",
			"conditions": {
				"items": [
					{
						"items": [
							"minecraft:diorite"
						]
					}
				]
			}
		},
		"cobbled_deepslate": {
			"trigger": "minecraft:inventory_changed",
			"conditions": {
				"items": [
					{
						"items": [
							"minecraft:cobbled_deepslate"
						]
					}
				]
			}
		},
		"tuff": {
			"trigger": "minecraft:inventory_changed",
			"conditions": {
				"items": [
					{
						"items": [
							"minecraft:tuff"
						]
					}
				]
			}
		}
	}
}
