{
	"display": {
		"icon": {
			"item": "minecraft:lava_bucket"
		},
		"title": {
			"text": "Hotter stuff"
		},
		"description": {
			"text": "Fill a bucket with lava in a volcanic cave"
		},
		"frame": "task",
		"show_toast": true,
		"announce_to_chat": true,
		"hidden": false
	},
	"parent": "cavernous:hot_in_here",
	"criteria": {
		"bucketlavainvolcano": {
			"trigger": "minecraft:inventory_changed",
			"conditions": {
				"player": {
					"location": {
						"biome": "cavernous:lava/volcanic_caves"
					}
				},
				"items": [
					{
						"items": [
							"minecraft:lava_bucket"
						]
					}
				]
			}
		}
	}
}
