{
  "feature": "cavernous:lush/ancient/mushroom_brown_flat",
  "placement": [
    {
      "type": "minecraft:count",
      "count": {
        "type": "minecraft:uniform",
        "value": {
          "min_inclusive": 20,
          "max_inclusive": 45
        }
      }
    },
    {
      "type": "minecraft:in_square"
    },
    {
      "type": "minecraft:height_range",
      "height": {
        "type": "minecraft:uniform",
        "min_inclusive": {
          "above_bottom": 0
        },
        "max_inclusive": {
          "absolute": 192
        }
      }
    },
    {
      "type": "minecraft:environment_scan",
      "direction_of_search": "down",
      "max_steps": 12,
      "target_condition": {
        "type": "minecraft:solid"
      },
      "allowed_search_condition": {
        "type": "minecraft:matching_blocks",
        "blocks": [
          "minecraft:air",
          "minecraft:water"
        ]
      }
    },
    {
      "type": "minecraft:random_offset",
      "xz_spread": 0,
      "y_spread": 1
    },
    {
      "type": "minecraft:biome"
    },
    {
      "type": "minecraft:surface_water_depth_filter",
      "max_water_depth": 3
    }
  ]
}
