{
	"type": "minecraft:jigsaw",
	"biomes": "#cavernous:has_structure/village_caves",
	"step": "vegetal_decoration",
	"spawn_overrides": {
		"monster": {
			"bounding_box": "full",
			"spawns": []
		}
	},
	"terrain_adaptation": "beard_box",
	"start_pool": "cavernous:village_caves",
	"size": 7,
	"start_height": {
		"type": "minecraft:uniform",
		"min_inclusive": {
			"above_bottom": 10
		},
		"max_inclusive": {
			"absolute": 0
		}
	},
	"max_distance_from_center": 40,
	"use_expansion_hack": false
}
