{
  "type": "minecraft:canyon",
  "config": {
    "probability": 0.01,
    "y": {
      "type": "minecraft:uniform",
      "min_inclusive": {
        "absolute": 10
      },
      "max_inclusive": {
        "absolute": 67
      }
    },
    "yScale": 3,
    "lava_level": {
      "above_bottom": 8
    },
    "replaceable": "#minecraft:overworld_carver_replaceables",
    "debug_settings": {
      "debug_mode": true,
      "air_state": {
        "Name": "minecraft:cave_air"
      },
      "water_state": {
        "Name": "minecraft:water",
        "Properties": {
          "level": "0"
        }
      },
      "lava_state": {
        "Name": "minecraft:lava",
        "Properties": {
          "level": "0"
        }
      },
      "barrier_state": {
        "Name": "minecraft:lime_concrete"
      }
    },
    "vertical_rotation": {
      "type": "minecraft:uniform",
      "value": {
        "min_inclusive": -0.125,
        "max_exclusive": 0.125
      }
    },
    "shape": {
      "distance_factor": {
        "type": "minecraft:uniform",
        "value": {
          "min_inclusive": 0.75,
          "max_exclusive": 1
        }
      },
      "thickness": {
        "type": "minecraft:trapezoid",
        "value": {
          "min": 0,
          "max": 6,
          "plateau": 2
        }
      },
      "width_smoothness": 3,
      "horizontal_radius_factor": {
        "type": "minecraft:uniform",
        "value": {
          "min_inclusive": 0.75,
          "max_exclusive": 1
        }
      },
      "vertical_radius_default_factor": 1,
      "vertical_radius_center_factor": 0
    }
  }
}
