{
  "display": {
    "icon": {
      "item": "minecraft:red_mushroom"
    },
    "title": {
      "text": "Fungal Funk"
    },
    "description": {
      "text": "Play a music disc in the Ancient Caverns"
    },
    "frame": "task",
    "show_toast": true,
    "announce_to_chat": true,
    "hidden": false
  },
  "parent": "cavernous:breaking_ground",
  "criteria": {
    "playdisc": {
      "trigger": "minecraft:item_used_on_block",
      "conditions": {
        "item": {
          "tag": "minecraft:music_discs"
        },
        "location": {
          "biome": "cavernous:lush/ancient_caverns",
          "block": {
            "blocks": [
              "minecraft:jukebox"
            ]
          }
        }
      }
    }
  }
}
