{
  "feature": "cavernous:lush/honey/honey_pool",
  "placement": [
    {
      "type": "minecraft:heightmap",
      "heightmap": "WORLD_SURFACE"
    },
    {
      "type": "minecraft:in_square"
    },
    {
      "type": "minecraft:height_range",
      "height": {
        "type": "minecraft:uniform",
        "min_inclusive": {
          "above_bottom": 0
        },
        "max_inclusive": {
          "absolute": 192
        }
      }
    },
    {
      "type": "minecraft:environment_scan",
      "direction_of_search": "down",
      "max_steps": 32,
      "target_condition": {
        "type": "minecraft:all_of",
        "predicates": [
          {
            "type": "minecraft:not",
            "predicate": {
              "type": "minecraft:matching_blocks",
              "blocks": "minecraft:air"
            }
          },
          {
            "type": "minecraft:inside_world_bounds",
            "offset": [
              0,
              -5,
              0
            ]
          }
        ]
      }
    },
    {
      "type": "minecraft:biome"
    },
    {
      "type": "minecraft:count",
      "count": {
        "type": "minecraft:uniform",
        "value": {
          "min_inclusive": 0,
          "max_inclusive": 3
        }
      }
    }
  ]
}
