{
  "type": "minecraft:nether_cave",
  "config": {
    "probability": 0.2,
    "y": {
      "type": "minecraft:uniform",
      "min_inclusive": {
        "absolute": 0
      },
      "max_inclusive": {
        "below_top": 1
      }
    },
    "yScale": 0.5,
    "lava_level": {
      "above_bottom": 10
    },
    "replaceable": "#minecraft:nether_carver_replaceables",
    "debug_settings": {
      "debug_mode": true,
      "air_state": {
        "Name": "minecraft:cave_air"
      },
      "water_state": {
        "Name": "minecraft:water",
        "Properties": {
          "level": "0"
        }
      },
      "lava_state": {
        "Name": "minecraft:lava",
        "Properties": {
          "level": "0"
        }
      },
      "barrier_state": {
        "Name": "minecraft:cave_air"
      }
    },
    "horizontal_radius_multiplier": 1,
    "vertical_radius_multiplier": 1,
    "floor_level": -0.7
  }
}
