{
  "feature": "cavernous:lush/marsh/waterlily_patch",
  "placement": [
    {
      "type": "minecraft:count",
      "count": 40
    },
    {
      "type": "minecraft:in_square"
    },
    {
      "type": "minecraft:height_range",
      "height": {
        "type": "minecraft:uniform",
        "min_inclusive": {
          "above_bottom": 0
        },
        "max_inclusive": {
          "absolute": 192
        }
      }
    },
    {
      "type": "minecraft:biome"
    },
    {
      "type": "minecraft:environment_scan",
      "direction_of_search": "down",
      "max_steps": 12,
      "target_condition": {
        "type": "minecraft:matching_fluids",
        "offset": [
          0,
          0,
          0
        ],
        "fluids": "#minecraft:water"
      }
    }
  ]
}
