{
  "feature": "cavernous:deep_dark/sculklands/delta",
  "placement": [
    {
      "type": "minecraft:count",
      "count": 50
    },
    {
      "type": "minecraft:in_square"
    },
    {
      "type": "minecraft:height_range",
      "height": {
        "type": "minecraft:uniform",
        "min_inclusive": {
          "above_bottom": 0
        },
        "max_inclusive": {
          "absolute": 50
        }
      }
    },
    {
      "type": "minecraft:environment_scan",
      "direction_of_search": "down",
      "max_steps": 12,
      "target_condition": {
        "type": "minecraft:solid"
      },
      "allowed_search_condition": {
        "type": "minecraft:all_of",
        "predicates": [
          {
            "type": "minecraft:matching_blocks",
            "blocks": "minecraft:air"
          },
          {
            "type": "minecraft:matching_block_tag",
            "offset": [
              0,
              -1,
              0
            ],
            "tag": "minecraft:base_stone_overworld"
          }
        ]
      }
    },
    {
      "type": "minecraft:random_offset",
      "xz_spread": 0,
      "y_spread": 1
    },
    {
      "type": "minecraft:biome"
    }
  ]
}
