{
	"type": "minecraft:tree",
	"config": {
		"ignore_vines": true,
		"force_dirt": false,
		"minimum_size": {
			"type": "minecraft:two_layers_feature_size"
		},
		"dirt_provider": {
			"type": "minecraft:simple_state_provider",
			"state": {
				"Name": "minecraft:dirt"
			}
		},
		"trunk_provider": {
			"type": "minecraft:simple_state_provider",
			"state": {
				"Name": "minecraft:oak_wood",
				"Properties": {
					"axis": "y"
				}
			}
		},
		"foliage_provider": {
			"type": "minecraft:simple_state_provider",
			"state": {
				"Name": "minecraft:air"
			}
		},
		"trunk_placer": {
			"type": "minecraft:upwards_branching_trunk_placer",
			"base_height": 3,
			"height_rand_a": 4,
			"height_rand_b": 2,
			"extra_branch_steps": {
				"type": "minecraft:uniform",
				"value": {
					"min_inclusive": 1,
					"max_inclusive": 3
				}
			},
			"extra_branch_length": {
				"type": "minecraft:uniform",
				"value": {
					"min_inclusive": 1,
					"max_inclusive": 3
				}
			},
			"place_branch_per_log_probability": 0.85,
			"can_grow_through": "minecraft:air"
		},
		"foliage_placer": {
			"type": "minecraft:blob_foliage_placer",
			"radius": 0,
			"offset": 0,
			"height": 0
		},
		"decorators": []
	}
}
