{
	"type": "minecraft:random_patch",
	"config": {
		"tries": 35,
		"xz_spread": 8,
		"y_spread": 3,
		"feature": {
			"feature": {
				"type": "minecraft:simple_block",
				"config": {
					"to_place": {
						"type": "minecraft:simple_state_provider",
						"state": {
							"Name": "minecraft:dead_bush"
						}
					}
				}
			},
			"placement": [
				{
					"type": "minecraft:block_predicate_filter",
					"predicate": {
						"type": "minecraft:all_of",
						"predicates": [
							{
								"type": "minecraft:matching_blocks",
								"offset": [
									0,
									0,
									0
								],
								"blocks": [
									"minecraft:air"
								]
							},
							{
								"type": "minecraft:would_survive",
								"state": {
									"Name": "minecraft:dead_bush"
								}
							}
						]
					}
				}
			]
		}
	}
}
