{
	"type": "minecraft:tree",
	"config": {
		"ignore_vines": true,
		"force_dirt": false,
		"minimum_size": {
			"type": "minecraft:two_layers_feature_size",
			"limit": 0,
			"lower_size": 0,
			"upper_size": 0
		},
		"dirt_provider": {
			"type": "minecraft:simple_state_provider",
			"state": {
				"Name": "minecraft:sand"
			}
		},
		"trunk_provider": {
			"type": "minecraft:simple_state_provider",
			"state": {
				"Name": "minecraft:mangrove_log",
				"Properties": {
					"axis": "y"
				}
			}
		},
		"foliage_provider": {
			"type": "minecraft:simple_state_provider",
			"state": {
				"Name": "minecraft:azalea_leaves",
				"Properties": {
					"distance": "7",
					"persistent": "false",
					"waterlogged": "false"
				}
			}
		},
		"trunk_placer": {
			"type": "minecraft:bending_trunk_placer",
			"base_height": 3,
			"height_rand_a": 3,
			"height_rand_b": 1,
			"bend_length": {
				"type": "minecraft:uniform",
				"value": {
					"min_inclusive": 1,
					"max_inclusive": 3
				}
			},
			"min_height_for_leaves": 3
		},
		"foliage_placer": {
			"type": "minecraft:random_spread_foliage_placer",
			"radius": {
				"type": "minecraft:uniform",
				"value": {
					"min_inclusive": 2,
					"max_inclusive": 4
				}
			},
			"offset": 0,
			"foliage_height": 2,
			"leaf_placement_attempts": 50
		},
		"decorators": [
			{
				"type": "minecraft:beehive",
				"probability": 0.01
			},
			{
				"type": "minecraft:leave_vine",
				"probability": 0.125
			}
		]
	}
}
