{
  "display": {
    "icon": {
      "item": "minecraft:spruce_door"
    },
    "title": {
      "text": "Somebody once told me..."
    },
    "description": {
      "text": "Open a door in a marshy cave"
    },
    "frame": "task",
    "show_toast": true,
    "announce_to_chat": true,
    "hidden": false
  },
  "parent": "cavernous:root",
  "criteria": {
    "opendoor": {
      "trigger": "minecraft:item_used_on_block",
      "conditions": {
        "location": {
          "biome": "cavernous:lush/marshy_caves",
          "block": {
            "blocks": [
              "minecraft:acacia_door",
              "minecraft:birch_door",
              "minecraft:crimson_door",
              "minecraft:dark_oak_door",
              "minecraft:jungle_door",
              "minecraft:mangrove_door",
              "minecraft:oak_door",
              "minecraft:spruce_door",
              "minecraft:warped_door"
            ]
          }
        }
      }
    }
  }
}
