{
  "type": "minecraft:block_column",
  "config": {
    "direction": "up",
    "allowed_placement": {
      "type": "minecraft:matching_blocks",
      "offset": [
        0,
        -1,
        0
      ],
      "blocks": "minecraft:air"
    },
    "prioritize_tip": false,
    "layers": [
      {
        "height": 50,
        "provider": {
          "type": "minecraft:simple_state_provider",
          "state": {
            "Name": "minecraft:stripped_spruce_log",
            "Properties": {
              "axis": "y"
            }
          }
        }
      }
    ]
  }
}
