{
  "type": "minecraft:cave",
  "config": {
    "probability": 0.1,
    "y": {
      "type": "minecraft:uniform",
      "min_inclusive": {
        "above_bottom": 8
      },
      "max_inclusive": {
        "absolute": 180
      }
    },
    "yScale": {
      "type": "minecraft:uniform",
      "value": {
        "min_inclusive": 0.48,
        "max_exclusive": 0.58
      }
    },
    "lava_level": {
      "above_bottom": 8
    },
    "replaceable": "#minecraft:overworld_carver_replaceables",
    "debug_settings": {
      "debug_mode": false,
      "air_state": {
        "Name": "minecraft:glass"
      },
      "water_state": {
        "Name": "minecraft:blue_stained_glass"
      },
      "lava_state": {
        "Name": "minecraft:orange_stained_glass"
      },
      "barrier_state": {
        "Name": "minecraft:lime_concrete"
      }
    },
    "horizontal_radius_multiplier": {
      "type": "minecraft:uniform",
      "value": {
        "min_inclusive": 1.5,
        "max_exclusive": 1.7
      }
    },
    "vertical_radius_multiplier": {
      "type": "minecraft:uniform",
      "value": {
        "min_inclusive": 0.55,
        "max_exclusive": 0.8
      }
    },
    "floor_level": {
      "type": "minecraft:uniform",
      "value": {
        "min_inclusive": -1,
        "max_exclusive": -0.4
      }
    }
  }
}
