{
  "type": "minecraft:canyon",
  "config": {
    "probability": 0.007,
    "y": {
      "type": "minecraft:uniform",
      "min_inclusive": {
        "absolute": -30
      },
      "max_inclusive": {
        "absolute": 32
      }
    },
    "yScale": {
      "type": "minecraft:uniform",
      "value": {
        "min_inclusive": 1.5,
        "max_exclusive": 3
      }
    },
    "lava_level": {
      "above_bottom": 8
    },
    "replaceable": "#minecraft:overworld_carver_replaceables",
    "debug_settings": {
      "debug_mode": false,
      "air_state": {
        "Name": "minecraft:orange_stained_glass"
      },
      "water_state": {
        "Name": "minecraft:blue_stained_glass"
      },
      "lava_state": {
        "Name": "minecraft:orange_stained_glass"
      },
      "barrier_state": {
        "Name": "minecraft:lime_concrete"
      }
    },
    "vertical_rotation": {
      "type": "minecraft:uniform",
      "value": {
        "min_inclusive": -0.325,
        "max_exclusive": 0.325
      }
    },
    "shape": {
      "distance_factor": {
        "type": "minecraft:uniform",
        "value": {
          "min_inclusive": 1.5,
          "max_exclusive": 1.85
        }
      },
      "thickness": {
        "type": "minecraft:trapezoid",
        "value": {
          "min": 0,
          "max": 6,
          "plateau": 2
        }
      },
      "width_smoothness": 3,
      "horizontal_radius_factor": {
        "type": "minecraft:uniform",
        "value": {
          "min_inclusive": 0.75,
          "max_exclusive": 1
        }
      },
      "vertical_radius_default_factor": 1,
      "vertical_radius_center_factor": 0
    }
  }
}
