{
	"type": "minecraft:tree",
	"config": {
		"ignore_vines": false,
		"force_dirt": false,
		"minimum_size": {
			"type": "minecraft:two_layers_feature_size",
			"min_clipped_height": 0,
			"limit": 1,
			"lower_size": 0,
			"upper_size": 0
		},
		"dirt_provider": {
			"type": "minecraft:simple_state_provider",
			"state": {
				"Name": "minecraft:sculk"
			}
		},
		"trunk_provider": {
			"type": "minecraft:simple_state_provider",
			"state": {
				"Name": "minecraft:sculk"
			}
		},
		"foliage_provider": {
			"type": "minecraft:simple_state_provider",
			"state": {
				"Name": "minecraft:sculk"
			}
		},
		"trunk_placer": {
			"type": "minecraft:forking_trunk_placer",
			"base_height": 2,
			"height_rand_a": 2,
			"height_rand_b": 0
		},
		"foliage_placer": {
			"type": "minecraft:acacia_foliage_placer",
			"radius": {
				"type": "minecraft:uniform",
				"value": {
					"min_inclusive": 0,
					"max_inclusive": 1
				}
			},
			"offset": 0
		},
		"decorators": [
			{
				"type": "minecraft:attached_to_leaves",
				"probability": 0.5,
				"exclusion_radius_xz": 1,
				"exclusion_radius_y": 0,
				"required_empty_blocks": 1,
				"block_provider": {
					"type": "minecraft:simple_state_provider",
					"state": {
						"Name": "minecraft:sculk_vein",
						"Properties": {
							"waterlogged": "false",
							"down": "false",
							"east": "true",
							"north": "false",
							"south": "false",
							"up": "false",
							"west": "false"
						}
					}
				},
				"directions": [
					"west"
				]
			},
			{
				"type": "minecraft:attached_to_leaves",
				"probability": 0.5,
				"exclusion_radius_xz": 1,
				"exclusion_radius_y": 0,
				"required_empty_blocks": 1,
				"block_provider": {
					"type": "minecraft:simple_state_provider",
					"state": {
						"Name": "minecraft:sculk_vein",
						"Properties": {
							"waterlogged": "false",
							"down": "false",
							"east": "false",
							"north": "true",
							"south": "false",
							"up": "false",
							"west": "false"
						}
					}
				},
				"directions": [
					"south"
				]
			},
			{
				"type": "minecraft:attached_to_leaves",
				"probability": 0.5,
				"exclusion_radius_xz": 1,
				"exclusion_radius_y": 0,
				"required_empty_blocks": 1,
				"block_provider": {
					"type": "minecraft:simple_state_provider",
					"state": {
						"Name": "minecraft:sculk_vein",
						"Properties": {
							"waterlogged": "false",
							"down": "false",
							"east": "false",
							"north": "false",
							"south": "false",
							"up": "false",
							"west": "true"
						}
					}
				},
				"directions": [
					"east"
				]
			},
			{
				"type": "minecraft:attached_to_leaves",
				"probability": 0.5,
				"exclusion_radius_xz": 1,
				"exclusion_radius_y": 0,
				"required_empty_blocks": 1,
				"block_provider": {
					"type": "minecraft:simple_state_provider",
					"state": {
						"Name": "minecraft:sculk_vein",
						"Properties": {
							"waterlogged": "false",
							"down": "false",
							"east": "false",
							"north": "false",
							"south": "true",
							"up": "false",
							"west": "false"
						}
					}
				},
				"directions": [
					"north"
				]
			},
			{
				"type": "minecraft:attached_to_leaves",
				"probability": 0.5,
				"exclusion_radius_xz": 1,
				"exclusion_radius_y": 0,
				"required_empty_blocks": 1,
				"block_provider": {
					"type": "minecraft:simple_state_provider",
					"state": {
						"Name": "minecraft:sculk_vein",
						"Properties": {
							"waterlogged": "false",
							"down": "false",
							"east": "false",
							"north": "false",
							"south": "false",
							"up": "true",
							"west": "false"
						}
					}
				},
				"directions": [
					"down"
				]
			},
			{
				"type": "minecraft:attached_to_leaves",
				"probability": 0.5,
				"exclusion_radius_xz": 1,
				"exclusion_radius_y": 0,
				"required_empty_blocks": 1,
				"block_provider": {
					"type": "minecraft:simple_state_provider",
					"state": {
						"Name": "minecraft:sculk_vein",
						"Properties": {
							"waterlogged": "false",
							"down": "true",
							"east": "false",
							"north": "false",
							"south": "false",
							"up": "false",
							"west": "false"
						}
					}
				},
				"directions": [
					"up"
				]
			},
			{
				"type": "minecraft:attached_to_leaves",
				"probability": 0.08,
				"exclusion_radius_xz": 1,
				"exclusion_radius_y": 0,
				"required_empty_blocks": 1,
				"block_provider": {
					"type": "minecraft:weighted_state_provider",
					"entries": [
						{
							"weight": 1,
							"data": {
								"Name": "minecraft:sculk_shrieker",
								"Properties": {
									"can_summon": "true",
									"shrieking": "false",
									"waterlogged": "false"
								}
							}
						},
						{
							"weight": 15,
							"data": {
								"Name": "minecraft:sculk_sensor",
								"Properties": {
									"power": "0",
									"sculk_sensor_phase": "inactive",
									"waterlogged": "false"
								}
							}
						}
					]
				},
				"directions": [
					"up"
				]
			}
		]
	}
}
