{
  "feature": "cavernous:ice/redstone_extra",
  "placement": [
    {
      "type": "minecraft:count",
      "count": 16
    },
    {
      "type": "minecraft:in_square"
    },
    {
      "type": "minecraft:height_range",
      "height": {
        "type": "minecraft:trapezoid",
        "max_inclusive": {
          "above_bottom": 32
        },
        "min_inclusive": {
          "above_bottom": -32
        }
      }
    },
    {
      "type": "minecraft:biome"
    }
  ]
}