{
  "type": "minecraft:dripstone_cluster",
  "config": {
    "floor_to_ceiling_search_range": 20,
    "height": {
      "type": "minecraft:uniform",
      "value": {
        "min_inclusive": 6,
        "max_inclusive": 10
      }
    },
    "radius": {
      "type": "minecraft:uniform",
      "value": {
        "min_inclusive": 2,
        "max_inclusive": 6
      }
    },
    "max_stalagmite_stalactite_height_diff": 1,
    "height_deviation": 3,
    "dripstone_block_layer_thickness": {
      "type": "minecraft:uniform",
      "value": {
        "min_inclusive": 2,
        "max_inclusive": 4
      }
    },
    "density": {
      "type": "minecraft:uniform",
      "value": {
        "min_inclusive": 1,
        "max_exclusive": 2
      }
    },
    "wetness": {
      "type": "minecraft:clamped_normal",
      "value": {
        "min": 0.1,
        "max": 0.5,
        "mean": 0.3,
        "deviation": 0.3
      }
    },
    "chance_of_dripstone_column_at_max_distance_from_center": 0.5,
    "max_distance_from_edge_affecting_chance_of_dripstone_column": 4,
    "max_distance_from_center_affecting_height_bias": 8
  }
}
