{
    "display": {
      "icon": {
        "item": "minecraft:deepslate"
      },
      "title": {
        "text": "Cavernous"
      },
      "description": {
        "text": "Cave related advancements for a cave related datapack."
      },
      "background": "minecraft:textures/block/moss_block.png",
      "frame": "task",
      "show_toast": false,
      "announce_to_chat": false,
      "hidden": false
    },
    "criteria": {
      "makepickaxe": {
        "trigger": "minecraft:inventory_changed",
        "conditions": {
          "items": [
            {
              "tag": "cavernous:is_pickaxe"
            }
          ]
        }
      }
    }
  }
  