{
	"type": "minecraft:random_patch",
	"config": {
		"tries": 170,
		"xz_spread": 5,
		"y_spread": 4,
		"feature": {
			"feature": "cavernous:lush/underwater/underwater_vegetation",
			"placement": [
				{
					"type": "minecraft:block_predicate_filter",
					"predicate": {
						"type": "minecraft:all_of",
						"predicates": [
							{
								"type": "minecraft:matching_blocks",
								"blocks": "minecraft:water"
							},
							{
								"type": "minecraft:matching_block_tag",
								"offset": [
									0,
									-1,
									0
								],
								"tag": "cavernous:lush_underwater_replacable"
							}
						]
					}
				}
			]
		}
	}
}
