{
  "feature": "cavernous:desert/sandstone/ore_red_sand",
  "placement": [
    {
      "type": "minecraft:count",
      "count": 5
    },
    {
      "type": "minecraft:in_square"
    },
    {
      "type": "minecraft:height_range",
      "height": {
        "type": "minecraft:uniform",
        "max_inclusive": {
          "absolute": 0
        },
        "min_inclusive": {
          "absolute": -64
        }
      }
    },
    {
      "type": "minecraft:biome"
    }
  ]
}