{
  "type": "minecraft:canyon",
  "config": {
    "probability": 0.0175,
    "y": {
      "type": "minecraft:uniform",
      "min_inclusive": {
        "absolute": 40
      },
      "max_inclusive": {
        "absolute": 80
      }
    },
    "yScale": {
      "type": "minecraft:uniform",
      "value": {
        "min_inclusive": 0.35,
        "max_exclusive": 1.5
      }
    },
    "lava_level": {
      "absolute": -120
    },
    "replaceable": "#minecraft:overworld_carver_replaceables",
    "debug_settings": {
      "air_state": {
        "Name": "minecraft:oak_button",
        "Properties": {
          "powered": "false",
          "facing": "north",
          "face": "wall"
        }
      },
      "water_state": {
        "Name": "minecraft:candle",
        "Properties": {
          "waterlogged": "false",
          "lit": "false",
          "candles": "1"
        }
      },
      "lava_state": {
        "Name": "minecraft:orange_stained_glass"
      },
      "barrier_state": {
        "Name": "minecraft:glass"
      }
    },
    "vertical_rotation": {
      "type": "minecraft:uniform",
      "value": {
        "min_inclusive": -0.125,
        "max_exclusive": 0.125
      }
    },
    "shape": {
      "distance_factor": {
        "type": "minecraft:uniform",
        "value": {
          "min_inclusive": 0.135,
          "max_exclusive": 0.225
        }
      },
      "thickness": {
        "type": "minecraft:uniform",
        "value": {
          "min_inclusive": 8,
          "max_exclusive": 14
        }
      },
      "width_smoothness": 8,
      "horizontal_radius_factor": {
        "type": "minecraft:uniform",
        "value": {
          "min_inclusive": 0.55,
          "max_exclusive": 0.95
        }
      },
      "vertical_radius_default_factor": 2,
      "vertical_radius_center_factor": 2
    }
  }
}
