{
  "type": "minecraft:vegetation_patch",
  "config": {
    "surface": "ceiling",
    "depth": {
      "type": "minecraft:uniform",
      "value": {
        "min_inclusive": 1,
        "max_inclusive": 2
      }
    },
    "vertical_range": 5,
    "extra_bottom_block_chance": 0,
    "extra_edge_column_chance": 0.3,
    "vegetation_chance": 0.35,
    "xz_radius": {
      "type": "minecraft:uniform",
      "value": {
        "min_inclusive": 4,
        "max_inclusive": 7
      }
    },
    "replaceable": "#minecraft:moss_replaceable",
    "ground_state": {
      "type": "minecraft:simple_state_provider",
      "state": {
        "Name": "minecraft:moss_block"
      }
    },
    "vegetation_feature": {
      "feature": "cavernous:lush/ancient/ceiling_vegetation",
      "placement": []
    }
  }
}
