{
  "type": "minecraft:simple_block",
  "config": {
    "to_place": {
      "type": "minecraft:weighted_state_provider",
      "entries": [
        {
          "weight": 10,
          "data": {
            "Name": "minecraft:grass"
          }
        },
        {
          "weight": 5,
          "data": {
            "Name": "minecraft:warped_roots"
          }
        },
        {
          "weight": 10,
          "data": {
            "Name": "minecraft:nether_sprouts"
          }
        },
        {
          "weight": 1,
          "data": {
            "Name": "minecraft:twisting_vines"
          }
        }
      ]
    }
  }
}
