{
	"feature": "cavernous:deep_dark/abyss/sculk_pillar",
	"placement": [
		{
			"type": "minecraft:count",
			"count": {
				"type": "minecraft:uniform",
				"value": {
					"min_inclusive": 2,
					"max_inclusive": 6
				}
			}
		},
		{
			"type": "minecraft:in_square"
		},
		{
			"type": "minecraft:height_range",
			"height": {
				"type": "minecraft:uniform",
				"min_inclusive": {
					"above_bottom": 0
				},
				"max_inclusive": {
					"absolute": -35
				}
			}
		},
		{
			"type": "minecraft:biome"
		},
		{
			"type": "minecraft:environment_scan",
			"direction_of_search": "down",
			"max_steps": 12,
			"target_condition": {
				"type": "minecraft:any_of",
				"predicates": [
					{
						"type": "minecraft:matching_blocks",
						"offset": [
							0,
							0,
							0
						],
						"blocks": "minecraft:sculk"
					},
					{
						"type": "minecraft:matching_blocks",
						"offset": [
							0,
							0,
							0
						],
						"blocks": "minecraft:deepslate"
					}
				]
			},
			"allowed_search_condition": {
				"type": "minecraft:true"
			}
		}
	]
}
