{
	"feature": "cavernous:stone/crystal/big_geode",
	"placement": [
		{
			"type": "minecraft:rarity_filter",
			"chance": 95
		},
		{
			"type": "minecraft:random_offset",
			"xz_spread": {
				"type": "minecraft:uniform",
				"value": {
					"min_inclusive": 8,
					"max_inclusive": 8
				}
			},
			"y_spread": 0
		},
		{
			"type": "minecraft:height_range",
			"height": {
				"type": "minecraft:uniform",
				"min_inclusive": {
					"absolute": -40
				},
				"max_inclusive": {
					"absolute": 45
				}
			}
		},
		{
			"type": "minecraft:biome"
		}
	]
}
