{
  "type": "minecraft:random_boolean_selector",
  "config": {
    "feature_false": {
      "feature": {
        "type": "minecraft:simple_block",
        "config": {
          "to_place": {
            "type": "minecraft:weighted_state_provider",
            "entries": [
              {
                "weight": 95,
                "data": {
                  "Name": "minecraft:azalea_leaves",
                  "Properties": {
                    "persistent": "true",
                    "distance": "7",
                    "waterlogged": "false"
                  }
                }
              },
              {
                "weight": 15,
                "data": {
                  "Name": "minecraft:vine",
                  "Properties": {
                    "east": "false",
                    "north": "false",
                    "south": "false",
                    "up": "true",
                    "west": "false"
                  }
                }
              },
              {
                "weight": 25,
                "data": {
                  "Name": "minecraft:hanging_roots",
                  "Properties": {
                    "waterlogged": "false"
                  }
                }
              },
              {
                "weight": 1,
                "data": {
                  "Name": "minecraft:spore_blossom"
                }
              }
            ]
          }
        }
      },
      "placement": []
    },
    "feature_true": {
      "feature": "cavernous:lush/ancient/weeping_vine",
      "placement": []
    }
  }
}
