{
  "type": "minecraft:cave",
  "config": {
    "probability": 0.15,
    "y": {
      "type": "minecraft:uniform",
      "min_inclusive": {
        "above_bottom": 8
      },
      "max_inclusive": {
        "absolute": 180
      }
    },
    "yScale": {
      "type": "minecraft:uniform",
      "value": {
        "min_inclusive": 0.1,
        "max_exclusive": 0.9
      }
    },
    "lava_level": {
      "above_bottom": 8
    },
    "replaceable": "#minecraft:overworld_carver_replaceables",
    "debug_settings": {
      "debug_mode": true,
      "air_state": {
        "Name": "minecraft:cave_air"
      },
      "water_state": {
        "Name": "minecraft:water",
        "Properties": {
          "level": "0"
        }
      },
      "lava_state": {
        "Name": "minecraft:lava",
        "Properties": {
          "level": "0"
        }
      },
      "barrier_state": {
        "Name": "minecraft:lime_concrete"
      }
    },
    "horizontal_radius_multiplier": {
      "type": "minecraft:uniform",
      "value": {
        "min_inclusive": 0.7,
        "max_exclusive": 1.4
      }
    },
    "vertical_radius_multiplier": {
      "type": "minecraft:uniform",
      "value": {
        "min_inclusive": 0.8,
        "max_exclusive": 1.3
      }
    },
    "floor_level": {
      "type": "minecraft:uniform",
      "value": {
        "min_inclusive": -1,
        "max_exclusive": -0.4
      }
    }
  }
}
