{
  "type": "minecraft:tree",
  "config": {
    "ignore_vines": true,
    "force_dirt": false,
    "minimum_size": {
      "type": "minecraft:two_layers_feature_size"
    },
    "dirt_provider": {
      "type": "minecraft:simple_state_provider",
      "state": {
        "Name": "minecraft:dirt"
      }
    },
    "trunk_provider": {
      "type": "minecraft:simple_state_provider",
      "state": {
        "Name": "minecraft:mushroom_stem",
        "Properties": {
          "down": "true",
          "east": "true",
          "north": "true",
          "south": "true",
          "up": "true",
          "west": "true"
        }
      }
    },
    "foliage_provider": {
      "type": "minecraft:simple_state_provider",
      "state": {
        "Name": "minecraft:shroomlight"
      }
    },
    "trunk_placer": {
      "type": "minecraft:straight_trunk_placer",
      "base_height": 2,
      "height_rand_a": 2,
      "height_rand_b": 1
    },
    "foliage_placer": {
      "type": "minecraft:acacia_foliage_placer",
      "radius": 2,
      "offset": 0
    },
    "decorators": [
      {
        "type": "minecraft:beehive",
        "probability": 0.25
      }
    ]
  }
}
