{
  "type": "minecraft:block_column",
  "config": {
    "direction": "down",
    "allowed_placement": {
      "type": "minecraft:all_of",
      "predicates": [
        {
          "type": "minecraft:matching_blocks",
          "offset": [
            0,
            0,
            0
          ],
          "blocks": "minecraft:air"
        },
        {
          "type": "minecraft:matching_blocks",
          "offset": [
            0,
            -3,
            0
          ],
          "blocks": "minecraft:air"
        }
      ]
    },
    "prioritize_tip": true,
    "layers": [
      {
        "height": {
          "type": "minecraft:uniform",
          "value": {
            "min_inclusive": 2,
            "max_inclusive": 4
          }
        },
        "provider": {
          "type": "minecraft:simple_state_provider",
          "state": {
            "Name": "minecraft:weeping_vines_plant",
            "Properties": {
              "age": "10"
            }
          }
        }
      },
      {
        "height": 1,
        "provider": {
          "type": "minecraft:simple_state_provider",
          "state": {
            "Name": "minecraft:weeping_vines",
            "Properties": {
              "age": "10"
            }
          }
        }
      }
    ]
  }
}
