{
	"type": "minecraft:lake",
	"config": {
		"fluid": {
			"type": "minecraft:simple_state_provider",
			"state": {
				"Name": "minecraft:lava",
				"Properties": {
					"level": "0"
				}
			}
		},
		"barrier": {
			"type": "minecraft:weighted_state_provider",
			"entries": [
				{
					"weight": 1,
					"data": {
						"Name": "minecraft:basalt",
						"Properties": {
							"axis": "y"
						}
					}
				},
				{
					"weight": 1,
					"data": {
						"Name": "minecraft:smooth_basalt"
					}
				},
				{
					"weight": 2,
					"data": {
						"Name": "minecraft:blackstone"
					}
				}
			]
		}
	}
}
