{
	"type": "minecraft:vegetation_patch",
	"config": {
		"surface": "floor",
		"depth": 1,
		"vertical_range": 1,
		"extra_bottom_block_chance": 0.1,
		"extra_edge_column_chance": 0.1,
		"vegetation_chance": 0,
		"xz_radius": {
			"type": "minecraft:uniform",
			"value": {
				"min_inclusive": 4,
				"max_inclusive": 8
			}
		},
		"replaceable": "#cavernous:geyser_replacable",
		"ground_state": {
			"type": "minecraft:weighted_state_provider",
			"entries": [
				{
					"weight": 6,
					"data": {
						"Name": "minecraft:structure_void"
					}
				},
				{
					"weight": 1,
					"data": {
						"Name": "minecraft:basalt",
						"Properties": {
							"axis": "y"
						}
					}
				},
				{
					"weight": 57,
					"data": {
						"Name": "minecraft:blackstone"
					}
				}
			]
		},
		"vegetation_feature": "cavernous:lava/geyser"
	}
}
