{
  "processors": [
    {
      "processor_type": "minecraft:rule",
      "rules": [
        {
          "location_predicate": {
            "predicate_type": "minecraft:always_true"
          },
          "input_predicate": {
            "predicate_type": "minecraft:random_block_match",
            "block": "minecraft:bee_nest",
            "probability": 0.5
          },
          "output_state": {
            "Name": "minecraft:honeycomb_block"
          }
        },
        {
          "location_predicate": {
            "predicate_type": "minecraft:always_true"
          },
          "input_predicate": {
            "predicate_type": "minecraft:random_block_match",
            "block": "minecraft:honeycomb_block",
            "probability": 0.03
          },
          "output_state": {
            "Name": "minecraft:honey_block"
          }
        }
      ]
    }
  ]
}
