{
  "type": "minecraft:canyon",
  "config": {
    "probability": 0.0028,
    "y": {
      "type": "minecraft:uniform",
      "min_inclusive": {
        "absolute": -30
      },
      "max_inclusive": {
        "absolute": 45
      }
    },
    "yScale": {
      "type": "minecraft:uniform",
      "value": {
        "min_inclusive": 1.2,
        "max_exclusive": 2.6
      }
    },
    "lava_level": {
      "above_bottom": 8
    },
    "replaceable": "#minecraft:overworld_carver_replaceables",
    "debug_settings": {
      "debug_mode": false,
      "air_state": {
        "Name": "minecraft:green_stained_glass"
      },
      "water_state": {
        "Name": "minecraft:blue_stained_glass"
      },
      "lava_state": {
        "Name": "minecraft:orange_stained_glass"
      },
      "barrier_state": {
        "Name": "minecraft:lime_concrete"
      }
    },
    "vertical_rotation": {
      "type": "minecraft:uniform",
      "value": {
        "min_inclusive": -0.08,
        "max_exclusive": 0.1
      }
    },
    "shape": {
      "distance_factor": {
        "type": "minecraft:uniform",
        "value": {
          "min_inclusive": 0.8,
          "max_exclusive": 1.25
        }
      },
      "thickness": {
        "type": "minecraft:trapezoid",
        "value": {
          "min": 11,
          "max": 15,
          "plateau": 2
        }
      },
      "width_smoothness": 8,
      "horizontal_radius_factor": {
        "type": "minecraft:uniform",
        "value": {
          "min_inclusive": 0.65,
          "max_exclusive": 0.78
        }
      },
      "vertical_radius_default_factor": 1,
      "vertical_radius_center_factor": 0
    }
  }
}
