{
	"type": "minecraft:vegetation_patch",
	"config": {
		"surface": "floor",
		"depth": 1,
		"vertical_range": 5,
		"extra_bottom_block_chance": 0,
		"extra_edge_column_chance": 0.3,
		"vegetation_chance": 0.2,
		"xz_radius": {
			"type": "minecraft:uniform",
			"value": {
				"min_inclusive": 3,
				"max_inclusive": 5
			}
		},
		"replaceable": "#minecraft:base_stone_overworld",
		"ground_state": {
			"type": "minecraft:simple_state_provider",
			"state": {
				"Name": "minecraft:grass_block",
				"Properties": {
					"snowy": "false"
				}
			}
		},
		"vegetation_feature": {
			"feature": "cavernous:deep_dark/sculklands/vegetation",
			"placement": []
		}
	}
}
