{
	"type": "minecraft:tree",
	"config": {
		"ignore_vines": true,
		"force_dirt": false,
		"minimum_size": {
			"type": "minecraft:two_layers_feature_size"
		},
		"dirt_provider": {
			"type": "minecraft:simple_state_provider",
			"state": {
				"Name": "minecraft:sculk"
			}
		},
		"trunk_provider": {
			"type": "minecraft:simple_state_provider",
			"state": {
				"Name": "minecraft:warped_hyphae",
				"Properties": {
					"axis": "y"
				}
			}
		},
		"foliage_provider": {
			"type": "minecraft:weighted_state_provider",
			"entries": [
				{
					"weight": 1,
					"data": {
						"Name": "minecraft:sculk_catalyst",
						"Properties": {
							"bloom": "false"
						}
					}
				},
				{
					"weight": 30,
					"data": {
						"Name": "minecraft:sculk"
					}
				}
			]
		},
		"trunk_placer": {
			"type": "minecraft:forking_trunk_placer",
			"base_height": 3,
			"height_rand_a": 2,
			"height_rand_b": 4
		},
		"foliage_placer": {
			"type": "minecraft:acacia_foliage_placer",
			"radius": {
				"type": "minecraft:uniform",
				"value": {
					"min_inclusive": 1,
					"max_inclusive": 2
				}
			},
			"offset": {
				"type": "minecraft:uniform",
				"value": {
					"min_inclusive": 0,
					"max_inclusive": 0
				}
			}
		},
		"decorators": [
			{
				"type": "minecraft:attached_to_leaves",
				"probability": 0.03,
				"exclusion_radius_xz": 0,
				"exclusion_radius_y": 0,
				"required_empty_blocks": 1,
				"block_provider": {
					"type": "minecraft:simple_state_provider",
					"state": {
						"Name": "minecraft:sculk_sensor",
						"Properties": {
							"power": "0",
							"sculk_sensor_phase": "inactive",
							"waterlogged": "false"
						}
					}
				},
				"directions": [
					"up"
				]
			},
			{
				"type": "minecraft:leave_vine",
				"probability": 0
			},
			{
				"type": "minecraft:trunk_vine"
			},
			{
				"type": "minecraft:attached_to_leaves",
				"probability": 0.23,
				"exclusion_radius_xz": 0,
				"exclusion_radius_y": 0,
				"required_empty_blocks": 1,
				"block_provider": {
					"type": "minecraft:simple_state_provider",
					"state": {
						"Name": "minecraft:sculk_vein",
						"Properties": {
							"down": "true",
							"waterlogged": "false",
							"west": "false",
							"up": "false",
							"south": "false",
							"north": "false",
							"east": "false"
						}
					}
				},
				"directions": [
					"up"
				]
			},
			{
				"type": "minecraft:attached_to_leaves",
				"probability": 0.23,
				"exclusion_radius_xz": 0,
				"exclusion_radius_y": 0,
				"required_empty_blocks": 1,
				"block_provider": {
					"type": "minecraft:simple_state_provider",
					"state": {
						"Name": "minecraft:sculk_vein",
						"Properties": {
							"down": "false",
							"waterlogged": "false",
							"west": "false",
							"up": "true",
							"south": "false",
							"north": "false",
							"east": "false"
						}
					}
				},
				"directions": [
					"down"
				]
			},
			{
				"type": "minecraft:attached_to_leaves",
				"probability": 0.23,
				"exclusion_radius_xz": 0,
				"exclusion_radius_y": 0,
				"required_empty_blocks": 1,
				"block_provider": {
					"type": "minecraft:simple_state_provider",
					"state": {
						"Name": "minecraft:sculk_vein",
						"Properties": {
							"down": "false",
							"waterlogged": "false",
							"west": "false",
							"up": "false",
							"south": "true",
							"north": "false",
							"east": "false"
						}
					}
				},
				"directions": [
					"north"
				]
			},
			{
				"type": "minecraft:attached_to_leaves",
				"probability": 0.23,
				"exclusion_radius_xz": 0,
				"exclusion_radius_y": 0,
				"required_empty_blocks": 1,
				"block_provider": {
					"type": "minecraft:simple_state_provider",
					"state": {
						"Name": "minecraft:sculk_vein",
						"Properties": {
							"down": "false",
							"waterlogged": "false",
							"west": "false",
							"up": "false",
							"south": "false",
							"north": "true",
							"east": "false"
						}
					}
				},
				"directions": [
					"south"
				]
			},
			{
				"type": "minecraft:attached_to_leaves",
				"probability": 0.23,
				"exclusion_radius_xz": 0,
				"exclusion_radius_y": 0,
				"required_empty_blocks": 1,
				"block_provider": {
					"type": "minecraft:simple_state_provider",
					"state": {
						"Name": "minecraft:sculk_vein",
						"Properties": {
							"down": "false",
							"waterlogged": "false",
							"west": "false",
							"up": "false",
							"south": "false",
							"north": "false",
							"east": "true"
						}
					}
				},
				"directions": [
					"west"
				]
			},
			{
				"type": "minecraft:attached_to_leaves",
				"probability": 0.23,
				"exclusion_radius_xz": 0,
				"exclusion_radius_y": 0,
				"required_empty_blocks": 1,
				"block_provider": {
					"type": "minecraft:simple_state_provider",
					"state": {
						"Name": "minecraft:sculk_vein",
						"Properties": {
							"down": "false",
							"waterlogged": "false",
							"west": "true",
							"up": "false",
							"south": "false",
							"north": "false",
							"east": "false"
						}
					}
				},
				"directions": [
					"east"
				]
			}
		]
	}
}
