{
	"type": "minecraft:block_column",
	"config": {
		"direction": "up",
		"allowed_placement": {
			"type": "minecraft:matching_blocks",
			"offset": [
				0,
				0,
				0
			],
			"blocks": "minecraft:air"
		},
		"prioritize_tip": true,
		"layers": [
			{
				"height": {
					"type": "minecraft:biased_to_bottom",
					"value": {
						"min_inclusive": 1,
						"max_inclusive": 5
					}
				},
				"provider": {
					"type": "minecraft:simple_state_provider",
					"state": {
						"Name": "minecraft:twisting_vines_plant"
					}
				}
			},
			{
				"height": 1,
				"provider": {
					"type": "minecraft:simple_state_provider",
					"state": {
						"Name": "minecraft:twisting_vines",
						"Properties": {
							"age": "15"
						}
					}
				}
			}
		]
	}
}
