{
	"type": "minecraft:random_patch",
	"config": {
		"tries": 125,
		"xz_spread": 8,
		"y_spread": 7,
		"feature": {
			"feature": "cavernous:deep_dark/sculklands/twisting_vine",
			"placement": [
				{
					"type": "minecraft:block_predicate_filter",
					"predicate": {
						"type": "minecraft:all_of",
						"predicates": [
							{
								"type": "minecraft:matching_blocks",
								"blocks": "minecraft:air"
							},
							{
								"type": "minecraft:any_of",
								"predicates": [
									{
										"type": "minecraft:matching_block_tag",
										"offset": [
											0,
											-1,
											0
										],
										"tag": "minecraft:base_stone_overworld"
									},
									{
										"type": "minecraft:matching_blocks",
										"offset": [
											0,
											-1,
											0
										],
										"blocks": "minecraft:sculk"
									}
								]
							}
						]
					}
				}
			]
		}
	}
}
