{
  "feature": "cavernous:lava/delta",
  "placement": [
    {
      "type": "minecraft:count",
      "count": {
        "type": "minecraft:uniform",
        "value": {
          "min_inclusive": 5,
          "max_inclusive": 15
        }
      }
    },
    {
      "type": "minecraft:biome"
    },
    {
      "type": "minecraft:in_square"
    },
    {
      "type": "minecraft:height_range",
      "height": {
        "type": "minecraft:uniform",
        "min_inclusive": {
          "above_bottom": 0
        },
        "max_inclusive": {
          "absolute": -10
        }
      }
    }
  ]
}
